N,serial_time,parallel_time
1024,4.9e-05,7.5e-05
2048,0.000125,0.00014
4096,0.000219,0.000266
8192,0.000528,0.000554
16384,0.001116,0.001136
32768,0.00242,0.002512
65536,0.005266,0.005164
131072,0.01121,0.010897
262144,0.022542,0.022977
524288,0.0457,0.045778
1048576,0.094379,0.102004
2097152,0.234701,0.206314
4194304,0.521573,0.522001
8388608,1.178686,1.133148
16777216,2.471231,2.477823
