threads,time
1,2.47547
2,1.5453
4,0.93852
8,0.651
16,0.511673
24,0.470546
32,0.44549
40,0.429387
48,0.434622
56,0.436415
64,0.421921
72,0.412837
80,0.412087
96,0.420418
112,0.412637
128,0.411006
